{
    "language"        : "PYTHON",
    "main-file"       : "mlp_spearmint.py",
    "experiment-name" : "mlp_A_tune5",
    "likelihood"      : "GAUSSIAN",
    "variables" : {
        "fil_num" : {
            "type" : "INT",
            "size" : 1,
            "min"  : 5,
            "max"  : 300
        },
        "drop_rate" : {
            "type" : "FLOAT",
            "size" : 1,
            "min"  : 0,
            "max"  : 1
        },
        "batch_size" : {
            "type" : "INT",
            "size" : 1,
            "min"  : 8,
            "max"  : 128
        },
        "learning_rate" : {
            "type" : "FLOAT",
            "size" : 1,
            "min"  : 0.0001,
            "max"  : 0.1
        },
        "train_epochs" : {
            "type" : "INT",
            "size" : 1,
            "min"  : 200,
            "max"  : 3000
        },
        "balanced" : {
            "type" : "INT",
            "size" : 1,
            "min"  : 0,
            "max"  : 1
        },
        "roi_threshold": {
            "type" : "FLOAT",
            "size" : 1,
            "min"  : 0,
            "max"  : 0.7
        }
    }
}
